Architecture,LUT,FF,ShiftHashTable LUT,ShiftHashTable FF,,,l: number of layer
"l=1(ks=3, dw=4)",9073,4096,1220,836,,,ks: kernel size
"l=1(ks=3, dw=8)",10041,4929,2215,1644,,,dw: data width
"l=1(ks=3, dw=16)",11467,6559,4094,3260,,,
"l=1(ks=3, dw=32)",15364,9860,7720,6492,,,
"l=1(ks=5, dw=4)",34736,6898,3294,1411,,,
"l=1(ks=5, dw=8)",36061,8319,5342,2800,,,
"l=1(ks=5, dw=16)",40627,11071,12349,5595,,,
"l=1(ks=5, dw=32)",49379,16673,18912,11163,,,
"l=2(ks=3, dw=4; ks=3, dw=8)",18141,9048,,,,,
"l=2(ks=3, dw=4; ks=5, dw=8)",45028,12497,,,,,
"l=3(ks=3, dw=4; ks=3, dw=8; ks=3, dw=16)",29197,14895,,,,,
"l=3(ks=3, dw=4; ks=3, dw=8; ks=5, dw=16)",56582,18948,,,,,
"l=3(ks=3, dw=4; ks=5, dw=8; ks=5, dw=16)",83825,22287,,,,,
